1676285167125,238,http://127.0.0.1:8888/settings,201,Created,Thread Group 1-1,text,true,,1353,1000,1,1,http://127.0.0.1:8888/settings,233,0,42
1676285167384,3,http://127.0.0.1:8888/load-public-indexes,200,OK,Thread Group 1-1,text,true,,170,382,1,1,http://127.0.0.1:8888/load-public-indexes,3,0,0
1676285167389,51,http://127.0.0.1:8888/folders?page=1&limit=54&status=1&search=,200,OK,Thread Group 1-1,text,true,,731,403,1,1,http://127.0.0.1:8888/folders?search=&limit=54&page=1&status=1,51,0,0
1676285167441,18,http://127.0.0.1:8888/orbitdb-requested-files?page=1&limit=25&sort=created_at&search=&start_date=&end_date=,200,OK,Thread Group 1-1,text,true,,149,448,1,1,http://127.0.0.1:8888/orbitdb-requested-files?end_date=&search=&limit=25&page=1&sort=created_at&start_date=,18,0,0
1676285167460,17,http://127.0.0.1:8888/bookmarks?page=1&limit=25&sort=created_at&extension=all&search=&start_date=&end_date=,200,OK,Thread Group 1-1,text,true,,398,448,1,1,http://127.0.0.1:8888/bookmarks?end_date=&extension=all&search=&limit=25&page=1&sort=created_at&start_date=,17,0,0
1676285167478,10,http://127.0.0.1:8888/public-index,200,OK,Thread Group 1-1,text,true,,168,375,1,1,http://127.0.0.1:8888/public-index,10,0,0
1676285167489,2,http://127.0.0.1:8888/default-interests,200,OK,Thread Group 1-1,text,true,,318,380,1,1,http://127.0.0.1:8888/default-interests,2,0,0
1676285167492,9,http://127.0.0.1:8888/settings,200,OK,Thread Group 1-1,text,true,,1487,371,1,1,http://127.0.0.1:8888/settings,9,0,0
1676285167502,11,http://127.0.0.1:8888/folders?page=1&limit=54&status=0&search=,200,OK,Thread Group 1-1,text,true,,733,403,1,1,http://127.0.0.1:8888/folders?search=&limit=54&page=1&status=0,11,0,0
1676285167514,25,http://127.0.0.1:8888/folders/details?page=1&limit=25&search=,200,OK,Thread Group 1-1,text,true,,29420,567,1,1,http://127.0.0.1:8888/folders/details?page=1&limit=25&search=,25,0,0
1676285167540,5,http://127.0.0.1:8888/folders/delete,422,Unprocessable Entity,Thread Group 1-1,text,false,,224,431,1,1,http://127.0.0.1:8888/folders/delete,5,0,0
1676285167546,3480,http://127.0.0.1:8888/search-indexing?page=1&limit=25&search=Boat&content_type=all&search_type=public&sort=modified_at,200,OK,Thread Group 1-1,text,true,,17694,459,1,1,http://127.0.0.1:8888/search-indexing?search=Boat&content_type=all&limit=25&page=1&sort=modified_at&search_type=public,3480,0,0
1676285171027,49,http://127.0.0.1:8888/public-stats,200,OK,Thread Group 1-1,text,true,,392,375,1,1,http://127.0.0.1:8888/public-stats,49,0,0
1676285171077,17,http://127.0.0.1:8888/files-stats,200,OK,Thread Group 1-1,text,true,,304,374,1,1,http://127.0.0.1:8888/files-stats,17,0,0
1676285171095,1332,http://127.0.0.1:8888/search-indexing?page=1&limit=25&search=&content_type=all&search_type=public&sort=modified_at,200,OK,Thread Group 1-1,text,true,,13242,455,1,1,http://127.0.0.1:8888/search-indexing?search=&content_type=all&limit=25&page=1&sort=modified_at&search_type=public,1332,0,0
1676285172428,70,http://127.0.0.1:8888/search-indexing?page=1&limit=25&search=&content_type=videos&search_type=public&sort=modified_at,200,OK,Thread Group 1-1,text,true,,12050,458,1,1,http://127.0.0.1:8888/search-indexing?search=&content_type=videos&limit=25&page=1&sort=modified_at&search_type=public,70,0,0
1676285172499,1435,http://127.0.0.1:8888/search-indexing?page=1&limit=25&search=&content_type=docs&search_type=public&sort=modified_at,200,OK,Thread Group 1-1,text,true,,16182,456,1,1,http://127.0.0.1:8888/search-indexing?search=&content_type=docs&limit=25&page=1&sort=modified_at&search_type=public,1435,0,0
1676285173935,24,http://127.0.0.1:8888/search-indexing?page=1&limit=25&search=&content_type=transcriptions&search_type=public&sort=modified_at,200,OK,Thread Group 1-1,text,true,,12077,466,1,1,http://127.0.0.1:8888/search-indexing?search=&content_type=transcriptions&limit=25&page=1&sort=modified_at&search_type=public,24,0,0
1676285173959,40,http://127.0.0.1:8888/search-indexing?page=1&limit=25&search=&content_type=images&search_type=public&sort=modified_at,200,OK,Thread Group 1-1,text,true,,12039,458,1,1,http://127.0.0.1:8888/search-indexing?search=&content_type=images&limit=25&page=1&sort=modified_at&search_type=public,40,0,0
1676285174000,54,http://127.0.0.1:8888/search-indexing?page=1&limit=25&search=&content_type=all&search_type=local&sort=modified_at,200,OK,Thread Group 1-1,text,true,,8471,454,1,1,http://127.0.0.1:8888/search-indexing?search=&content_type=all&limit=25&page=1&sort=modified_at&search_type=local,53,0,0
1676285174055,7,http://127.0.0.1:8888/files/edit,200,OK,Thread Group 1-1,text,true,,166,583,1,1,http://127.0.0.1:8888/files/edit,7,0,0
1676285174063,16,http://127.0.0.1:8888/bookmarks,201,Created,Thread Group 1-1,text,true,,133,604,1,1,http://127.0.0.1:8888/bookmarks,16,0,0
1676285174080,9946,http://127.0.0.1:8888/search-indexing?page=1&limit=25&search=%20Transportable%20Port%20Security%20Boat&content_type=all&search_type=public&sort=modified_at,200,OK,Thread Group 1-1,text,true,,17165,488,1,1,http://127.0.0.1:8888/search-indexing?search=+Transportable+Port+Security+Boat&content_type=all&limit=25&page=1&sort=modified_at&search_type=public,9945,0,0
1676285184027,11128,http://127.0.0.1:8888/search-indexing?page=1&limit=25&search=Thekkady%20boat%20disaster&content_type=all&search_type=public&sort=modified_at,200,OK,Thread Group 1-1,text,true,,3936,477,1,1,http://127.0.0.1:8888/search-indexing?search=Thekkady+boat+disaster&content_type=all&limit=25&page=1&sort=modified_at&search_type=public,11128,0,0
1676285195159,4575,http://127.0.0.1:8888/search-indexing?page=1&limit=25&search=boat%20disaster&content_type=all&search_type=public&sort=modified_at,200,OK,Thread Group 1-1,text,true,,17064,468,1,1,http://127.0.0.1:8888/search-indexing?search=boat+disaster&content_type=all&limit=25&page=1&sort=modified_at&search_type=public,4574,0,0
1676285199735,79,http://127.0.0.1:8888/search-indexing?page=1&limit=25&search=boat%20disaster&content_type=images&search_type=public&sort=modified_at,200,OK,Thread Group 1-1,text,true,,149,471,1,1,http://127.0.0.1:8888/search-indexing?search=boat+disaster&content_type=images&limit=25&page=1&sort=modified_at&search_type=public,78,0,0
1676285199814,41,http://127.0.0.1:8888/search-indexing?page=1&limit=25&search=boat%20disaster&content_type=transcriptions&search_type=public&sort=modified_at,200,OK,Thread Group 1-1,text,true,,149,479,1,1,http://127.0.0.1:8888/search-indexing?search=boat+disaster&content_type=transcriptions&limit=25&page=1&sort=modified_at&search_type=public,41,0,0
1676285199856,16,http://127.0.0.1:8888/orbitdb-received-request-files?page=1&limit=25&sort=created_at&search=&start_date=&end_date=,200,OK,Thread Group 1-1,text,true,,149,455,1,1,http://127.0.0.1:8888/orbitdb-received-request-files?end_date=&search=&limit=25&page=1&sort=created_at&start_date=,16,0,0
1676285199873,8,http://127.0.0.1:8888/public-index/bafkreicce5hmi2urus6qxs5abjckkliqvawfiqr4u7l2ndn3n7jyrubs7e,200,OK,Thread Group 1-1,text,true,,174,519,1,1,http://127.0.0.1:8888/public-index/bafkreicce5hmi2urus6qxs5abjckkliqvawfiqr4u7l2ndn3n7jyrubs7e,8,0,0
1676285199882,3,http://127.0.0.1:8888/bookmarks/delete,422,Unprocessable Entity,Thread Group 1-1,text,false,,224,433,1,1,http://127.0.0.1:8888/bookmarks/delete,3,0,0
1676285199885,17,http://127.0.0.1:8888/bookmarks?page=1&limit=25&sort=created_at&extension=images&search=&start_date=&end_date=,200,OK,Thread Group 1-1,text,true,,149,451,1,1,http://127.0.0.1:8888/bookmarks?end_date=&extension=images&search=&limit=25&page=1&sort=created_at&start_date=,17,0,0
1676285199903,9,http://127.0.0.1:8888/bookmarks?page=1&limit=25&sort=created_at&extension=videos&search=&start_date=&end_date=,200,OK,Thread Group 1-1,text,true,,149,451,1,1,http://127.0.0.1:8888/bookmarks?end_date=&extension=videos&search=&limit=25&page=1&sort=created_at&start_date=,9,0,0
1676285199913,17,http://127.0.0.1:8888/folders/details?page=1&limit=25&search=1,200,OK,Thread Group 1-1,text,true,,19248,568,1,1,http://127.0.0.1:8888/folders/details?page=1&limit=25&search=1,17,0,0
1676285199931,10,http://127.0.0.1:8888/folders/details?page=1&limit=25&search=19,200,OK,Thread Group 1-1,text,true,,4428,569,1,1,http://127.0.0.1:8888/folders/details?page=1&limit=25&search=19,10,0,0
1676285199942,11,http://127.0.0.1:8888/folders/details?page=1&limit=25&search=197,200,OK,Thread Group 1-1,text,true,,4428,570,1,1,http://127.0.0.1:8888/folders/details?page=1&limit=25&search=197,11,0,0
1676285199953,8,http://127.0.0.1:8888/folders/details?page=1&limit=25&search=1970,200,OK,Thread Group 1-1,text,true,,4428,571,1,1,http://127.0.0.1:8888/folders/details?page=1&limit=25&search=1970,8,0,0
1676285199962,9,http://127.0.0.1:8888/folders?page=1&limit=54&status=1&search=,200,OK,Thread Group 1-1,text,true,,731,403,1,1,http://127.0.0.1:8888/folders?search=&limit=54&page=1&status=1,9,0,0
1676285199972,11,http://127.0.0.1:8888/folders?page=1&limit=54&status=0&search=,200,OK,Thread Group 1-1,text,true,,733,403,1,1,http://127.0.0.1:8888/folders?search=&limit=54&page=1&status=0,11,0,0
1676285199983,1578,http://127.0.0.1:8888/search-indexing?page=1&limit=25&search=&content_type=all&search_type=public&sort=modified_at,200,OK,Thread Group 1-1,text,true,,13242,455,1,1,http://127.0.0.1:8888/search-indexing?search=&content_type=all&limit=25&page=1&sort=modified_at&search_type=public,1578,0,0
