first_name,last_name,job_title,email,contact_no,location,company,tags,mailing_address,second_mailing_address
Sir,Akram,Professor,sirakram123@gmail.com,,Lahore,Garrison Boys High School,[],Lahore Punjab Pakistan,Lahore Punjab Pakistan
Muzaffar,Warsi,Naat Khuwan,muzaffar.warsi12@gmail.com,,Faisalabad,Adeeb,[],Lahore Punjab Pakistan,Lahore Punjab Pakistan
Mian,Waqas,IT Manager,mian.waqass12@gmail.com,,Attock,TraadingCo,[],Lahore,Lahore
,,,katebackinsale6@aljazeera,,,Al Jazeera English,[],,
,,,danny23@aljazeera.com,,,Al Jazeera English,[],,
4455,984[],,jhon12@aljazeera.com,,,Al Jazeera English,[],,
#$%^,90()s,,jhoni5@aljazeera.com,,,Al Jazeera English,[],,
,,,oabama7@aljazeera.com,aabcdefghijklmnopqrstuvwxyz,,Al Jazeera English,[],,
,,,jkhvfdgbnjmkuihyjuki@vhjgdvcjhdvjh.comvcghchgcghch,,,Al Jazeera English,[],,
